Year,Realised P/L (EUR),Sell trades,Winners,Losers
2024.0,29.373728303537973,1.0,1.0,0.0
TOTAL,29.373728303537973,1.0,1.0,0.0
