Year,Realised P/L (EUR),Sell trades,Winners,Losers
2024.0,1.5964766698605573,1.0,1.0,0.0
TOTAL,1.5964766698605573,1.0,1.0,0.0
